"id","intern nummer","machinenummer","type","merk","model","serienummer","bouwjaar","keuringsrapporten","verhuurregels","status"
"ec53e755-e10b-40ca-a451-672977bb977d","","...............","verreiker","GENIE","............","...............","","1","0","available"
"89347b07-709a-4076-991f-cdff4b8df88f","","002556","heftruck_reachtruck","Nissan","FP01R15U","002556","1996","1","0","available"
"672b52ab-c54e-4662-8467-e0de2b20f925","","0200161242","hoogwerker","Jlg","260mrt","0200161242","2007","1","0","available"
"56c81ea2-7987-4460-b4b2-ee5afde2532f","","0300114624","hoogwerker","JLG","M600JP","0300114624","2007","1","0","available"
"44d7b639-8e44-498b-881e-8efd7ff3e49c","","0300124451","hoogwerker","Jlg","460SJ","0300124451","2008","1","0","available"
"0ebaab64-7392-4f67-b191-d4ceaa6e33fb","","0300125178","hoogwerker","JLG","460SJ","0300125178","2008","2","0","available"
"df794143-9020-483e-86d9-c57b338bd198","","0300142401","hoogwerker","JLG","E400 AJPN","0300142401","2010","1","0","available"
"35e6a231-3015-4ab8-9d04-2f6eb0f8caa8","","051116566","heftruck_reachtruck","Hangcha","CPCD45HW19","051116566","2012","1","0","available"
"36f55533-3652-4a84-b167-11281d66b726","1.511-104.0 serie 010066","1.511-104.0 serie 010066","batterij_lader","Deta","4pzs240","1003720","2008","2","0","available"
"1a9fe7b5-5b4f-4dad-9dfa-067c599dc510","","1232187","verreiker","Manitou","MT1435","1232187","2006","1","0","available"
"8b185b11-6def-42a6-8fce-4db6fb59cf95","","1234","heftruck_reachtruck","Linde","L14","1234","2016","2","0","available"
"f7a1cc7d-9a83-484e-a8b3-b4fdcf7a3c51","","1234567890","graafmachine","Hitachi","ADDDB-1-1-1-1","1234567890","2001","1","0","available"
"1e5b7043-453b-4a82-9add-c882448e0e7c","","1234656789","graafmachine","testmerk","12456","1234656789","1979","1","0","available"
"6ea45ac6-191d-43af-b486-43f07d826533","126","126","batterij_lader","Fronius","5pzs","31247801","2014","1","0","available"
"9e0456b5-e902-49ca-96c5-1f5529372104","1521","1521","batterij_lader","Rocket T105","Tractie loodzuur","1521","2017","1","0","available"
"2ad14f6e-d23b-44cd-b352-616e267ef9ac","","153809","verreiker","Manitou","MT1337SLT","153809","2000","1","0","available"
"2aa889bd-9f32-4bed-b177-53a8cb00e114","","15919","heftruck_reachtruck","Toyota","7FBMF25","15919","2007","1","0","available"
"512958a8-b645-4f6a-bc53-c1e95b9e5d0a","2015","2015","batterij_lader","Hawker","Pzs","6363035002","1995","1","0","available"
"4092fe3a-7bb7-4f74-87a6-6e4465e70df1","2021 #21","2021 #21","stellingmateriaal","Metalen M80P","palletstellingen","","","1","0","available"
"ac601968-e63b-409e-bb3b-a0fbd2657540","","2025-10-07","verreiker","verreiker","Bronimport","","","1","0","available"
"cb5f1a88-0ab6-4d6f-a7d5-8453de1084a4","","20671","verreiker","Genie","GTH40Q3SX","20671","2010","1","0","available"
"1d2df51a-0dda-4266-9936-db02576a4269","","22001235","hoogwerker","Skyjack","SJ3219","22001235","2014","1","0","available"
"b9fb4016-7313-4773-b210-b5e2346a5d3c","","22061463 / 146 uur / nr569","hoogwerker","Skyjack","Sj3219","22061463 / 146 uur / nr569","2014","1","0","available"
"79480761-2a7c-47a5-8dea-e06b54c7950e","","22068105","hoogwerker","Skyjack","SJ 3219","22068105","2014","1","0","available"
"3d11b7bf-5141-46ba-8373-898560879261","","22104887","hoogwerker","Skyjack","SJ3219","22104887","2017","1","0","available"
"0766e0de-67fc-43f3-b51d-a8573bf44ade","","22115925","hoogwerker","Skyjack","SJ3219","22115925","2017","1","0","available"
"de643dc3-466e-4b5b-8be0-3c1e3cc995be","","22120217","hoogwerker","Skyjack","SJ3219","22120217","2018","1","0","available"
"87e2fc38-0651-4376-b0b0-5ab079d01c79","","22132946","hoogwerker","skyjack","SJ3219","22132946","2018","1","0","available"
"dd5a20c7-9827-4a8b-b557-ab32b30c7c58","","232187","verreiker","Manitou","MT1435 HSL T 2-E2","232187","2006","1","0","available"
"023eca96-bc59-484f-9145-81b429d01bf3","","2658001","heftruck_reachtruck","Komatsu","FD30T-16","2658001","2006","1","0","available"
"52829065-60cd-4392-aa9f-b41f30bcd4ed","","27011455","hoogwerker","Skyjack","SJ3226","27011455","2012","2","0","available"
"69821f65-31a2-4016-a363-f833ee9382b3","","27021263","hoogwerker","Skyjack","SJ3226","27021263","2014","1","0","available"
"acdc8206-dec9-4612-9137-db89811e8347","285721AA","285721AA-bl","batterij_lader","Aim","Traktie","285721AA","1996","1","0","available"
"eb39093c-df5c-4e8a-8f59-ee093a5c18e0","","285721AA","heftruck_reachtruck","BT","RRB1","285721AA","1996","1","0","available"
"8b0bc6c6-c0fc-4099-87ff-4da97181fd27","285721AA /1996","285721AA /1996","batterij_lader","Aim","Traktie","285721AA /1996","1996","1","0","available"
"f24ed5ff-d1f9-4b13-b8ee-43a376a1c27e","3101","3101","batterij_lader","Trojan","Semitractie","Trojan T105","1998","1","0","available"
"35a9ce1e-86b6-4dc1-a4ad-9c0dd32affc4","33105657","33105657","batterij_lader","Fronius","Traktie","33105657","2023","2","0","available"
"7074bf98-8ecf-4e07-a54c-d90c83753fb4","33107057","33107057","batterij_lader","Fronius","Traktie 6pzs775","33107057","2023","2","0","available"
"a4a9070b-e615-41c8-8716-5bfc0b84d7ce","","335H0301671","heftruck_reachtruck","Linde","E16","335H0301671","1997","1","0","available"
"cdd0746b-35f0-460b-82f7-6ea7f227284d","","336H11001030","heftruck_reachtruck","Linde","E30/600","336H11001030","1997","1","0","available"
"b2d0f0a1-e92d-42c4-9a5b-604c3e193500","","351J01020430","heftruck_reachtruck","Linde","H30D-03","351J01020430","1998","1","0","available"
"586f5c2f-44bf-4e93-8798-f229809e8bb4","3759","3759","batterij_lader","Midac","Tractie","3759","2007","1","0","available"
"88b86442-8edf-4801-adb2-224e8a0e4589","428441AA","428441AA","batterij_lader","Powersupplies","Traktie","428441AA","","1","0","available"
"cf2cef3b-f129-4c84-b412-a06076cbf039","","428441AA/2001","heftruck_reachtruck","Bt","Rrb2/15","428441AA/2001","2001","1","0","available"
"cd45b59d-fae3-46bc-859a-5bf9799fd40f","4303","4303","batterij_lader","BBV","5Pzs775","G1X336S00607","2005","1","0","available"
"a2c80c9b-cf68-4ae6-8a74-68fcb54ae8fa","4768","4768","batterij_lader","GNB","Tractie","4768","2013","2","0","available"
"b93726ec-da10-4f6f-af69-eef0372762c7","4769","4769","batterij_lader","GNB","Tractie","4769","2013","2","0","available"
"ee94d4e5-afa2-47a4-bf0b-3559fea7e136","","4770","batterij_lader","GNB","Tractie","4770","2013","2","0","available"
"b92ff88f-ae64-4f63-8765-c37dd2d35045","5209","5209","batterij_lader","AIM","Tractie","5209","2014","2","0","available"
"662e5a7b-e5fb-4cf3-a5e6-bc414ab20125","","596136","verreiker","Manitou","MT625","596136","2013","2","0","available"
"819e9585-20a2-4078-93f7-a7a342e35929","","6044211","palletwagen_stapelaar","BT","LWE180","6044211","2008","1","0","available"
"31c18880-7c22-4460-833d-22948088042f","","6078431","heftruck_reachtruck","BT","RRE140","6078431","2009","3","0","available"
"91597910-4f63-4d87-a172-2c9cbe3dccb1","6078431","6078431-bl","batterij_lader","One D puls","Wa","48V465Ah","2009","2","0","available"
"d8a5a96c-d6dd-4e99-bf7a-f5cc597b9370","","611197","heftruck_reachtruck","Patria","PFD25T-1","611197","1998","1","0","available"
"600a0443-a429-4188-88c4-38f52653d027","","6177468 / 2011","palletwagen_stapelaar","BT","SWE160","6177468 / 2011","2011","1","0","available"
"49e35db6-c25c-4e75-89d0-99740ab3a2a7","6224778","6224778-bl","batterij_lader","BT","Pzs","6224778","2016","1","0","available"
"b9f3d472-20aa-4870-b392-492f02335a60","","6224778","palletwagen_stapelaar","BT","SWE080L","6224778","2016","2","0","available"
"1adefda6-d190-465b-801d-270fca2d08cf","","6224779 /2016","palletwagen_stapelaar","BT","SWE080L","6224779 /2016","2016","1","0","available"
"bd626d42-b2fd-4920-bedd-9976f707de95","6342341","6342341-bl","batterij_lader","Hawker","Traktie 2PZS180 of 210","6342341","2014","1","0","available"
"c737278e-80b4-4c7b-abc5-c307ae9618e3","","6342341","palletwagen_stapelaar","BT","SWE080L","6342341","2014","2","0","available"
"81d175cc-f659-4656-aad6-ba4cf8087c84","","6389411","heftruck_reachtruck","BT","LPE200","6389411","2015","1","0","available"
"1eb30f4b-7fd1-4e9e-a545-9de5f6f22787","6399752","6399752","batterij_lader","Batterijbv","Traktie 3pzb250","6399752","2015","1","0","available"
"83d6b29a-8b08-420a-b310-d8bcc9c2d1f7","6816389","6816389","batterij_lader","Midaq","Traktie","6816389","2021","1","0","available"
"08563e28-8797-43e6-8e1b-7125c2c0c7e3","","70009116","hoogwerker","Skyjack","SJ4626","70009116","2011","1","0","available"
"d7b826da-22bb-4cce-a6ce-9d5ff846d8b8","","740773/2005","heftruck_reachtruck","BT","SPE","740773/2005","2005","1","0","available"
"d14be4e1-abe1-4007-9517-898ba27cdeb0","80/775","80/775","batterij_lader","Sun/TAB","Tractie","10143404","2005","1","0","available"
"11d2dd5b-0fbc-4f3e-b17b-f1df3658cb9c","","901136","verreiker","Mantou","MT1840","901136","2011","1","0","available"
"27d123ed-abb1-4d4b-b96e-55fedd252d21","","91590865","palletwagen_stapelaar","Jungheinrich","ESC316z","91590865","2015","1","0","available"
"c25bab60-cfc3-450c-baa1-0e6048faecac","91590865","91590865-bl","batterij_lader","Jungheinrich","Pzs465","91590865","2015","1","0","available"
"c4cb7cfd-901c-4bc5-9c76-be0adc74a2cf","","93004CG2364783","heftruck_reachtruck","JCB","930-4","93004CG2364783","2016","1","0","available"
"4820e71f-3d55-48da-9416-936e58713fd5","97","97","batterij_lader","Hawker","pzs","h2x388","2014","1","0","available"
"3a4ca15a-b3ce-4d9a-a7cc-4044efb8e9cb","98","98","batterij_lader","Hawker","5Pzs 48/775","12345","2011","1","0","available"
"3743991b-42dd-4b7c-a0fe-b38d6ffff5c2","","984927","palletwagen_stapelaar","BT","LWE180","984927","2007","1","0","available"
"f9082d78-8220-4ef6-812e-7efae385b9df","","A300115497","hoogwerker","JLG","E300AJP","A300115497","2007","1","0","available"
"94022946-f077-44dc-a3de-618d802e38da","A976B06425R","A976B06425R","batterij_lader","Sun / Tab","Traktie","1067318","2017","1","0","available"
"7560bb8a-dc70-4552-b45f-db732ef00efc","","aht-nvt-nvt","batterij_lader","Atib","5pzs","","","1","0","available"
"12c48030-9589-4015-87f1-eb2c4eee83f2","","Aht1 - palletstellingen - 2020-09-15","stellingmateriaal","stow","palletstellingen","","","1","0","available"
"2674fbb5-e12a-4265-a770-f4dcebb3cb79","AJN88198/04","AJN88198/04-bl","batterij_lader","Hawker","3PZS465","5489391","2013","1","0","available"
"b7fd98a4-65cd-4006-b6c1-8255c51ab77e","","AJN88198/04","heftruck_reachtruck","Unicarriers","A/160SDTFVJN530","AJN88198/04","2013","1","0","available"
"e4d3b1c6-42e0-4bd4-b627-6172d9a098ef","ARB uitvoering","ARB uitvoering","batterij_lader","Axima","HF lader","337060","2013","2","0","available"
"83bea5b1-88ff-418f-84b5-06b3504b18a3","","Arjen Miedema","graafmachine","Arjen Miedema","Arjen Miedema","Arjen Miedema","","3","0","available"
"ede37ae7-5be2-47a5-808e-b664d7775421","B450T010703H","B450T010703H","batterij_lader","Hawker","Traktie 4pzs460","B450T010703H","2010","1","0","available"
"47580ddb-26aa-4314-a236-fd8ab0acde46","","B875B21285J","heftruck_reachtruck","Yale","Glp25vx","B875B21285J","2011","1","0","available"
"d251988b-f9bb-4180-bbbf-b56c7bfedb91","","CF14F-52486","heftruck_reachtruck","Mitsubishi","FD35NT","CF14F-52486","2016","1","0","available"
"e67e40d5-f1d5-4743-9d50-5e93ef1e357e","","D177B31734T","heftruck_reachtruck","Hyster","H3.00XM","D177B31734T","1996","1","0","available"
"b408283b-9d8a-41b9-ac4d-1810f246aca9","","E701348","heftruck_reachtruck","Nissan","UGD02A30Q","E701348","2004","2","0","available"
"750af097-372e-47ca-a4bc-2c4af52e115e","E723340","E723340","batterij_lader","Hawker","Traktie 6pzs","E723340","2009","2","0","available"
"037b864c-19ba-4406-8af1-c4a52badbd45","F24528B00141","F24528B00141","batterij_lader","Cel.","Traktie 2pl250","F24528B00141","2011","1","0","available"
"73e5de94-534e-4ae4-9c1c-074ebceee20e","","FD02A25Q","heftruck_reachtruck","Nissan","FD02A25Q","FD02A25Q","2007","1","0","available"
"16dcd6f3-9cf4-40f2-b612-5a0be5aed5ed","G1N1E723340","G1N1E723340","batterij_lader","Axima","HF lader","340022","2009","2","0","available"
"da78f237-5435-4627-971a-86bcbdaa23c0","G1X336P50282 WISSELBATTERIJ","G1X336P50282 WISSELBATTERIJ","batterij_lader","Sun","Traktie","G1X336P50282 WISSELBATTERIJ","2003","1","0","available"
"12761049-54ba-4439-b535-613453fbb23a","","G1X336T50851","heftruck_reachtruck","Linde E25","336 E25S","G1X336T50851","2006","1","0","available"
"250639d8-80a5-4747-ac83-849add14df98","G1X336U50342","G1X336U50342","batterij_lader","Midac","5Pzs775","G1X336U50342","2007","1","0","available"
"0731467f-a304-4549-8697-1f621a999872","","Greydanus Aardappelhandel en transport bv Heerenveen - Opslag palletstelling - palletstellingen - 2022-01-20","stellingmateriaal","Stow","palletstellingen","","2021","2","0","available"
"5a210ab8-ff1b-411d-a884-325d352b06f9","","GS3014C-15734","hoogwerker","Genie","GS1932","GS3014C-15734","2014","1","0","available"
"f6ac0d4b-8a3c-4920-aab9-0e6386a686ee","","GS6805-43438","hoogwerker","Genie","GS2668","GS6805-43438","2005","1","0","available"
"45485c5d-4b63-4d52-a42e-6ca3a36d369a","","GS6807-49308","hoogwerker","Genie","GS2668","GS6807-49308","2007","1","0","available"
"e2573e57-8e0b-4c37-a4ce-a1a18cd8c823","Gtx162 0955 9675","Gtx162 0955 9675","batterij_lader","Eternity","Traktie 5Pzs","Gtx162 0955 9675","2010","1","0","available"
"a77dee19-f73f-4b9b-a650-0a99600e1b3a","","H21202L02436","heftruck_reachtruck","Linde","H30D-01","H21202L02436","2022","1","0","available"
"00f95ee5-3870-49ed-b1e1-302105037dc5","H2X286F00220","H2X286F00220","batterij_lader","Batterijbv","Traktie 5 pzs","H2X286F00220","2015","1","0","available"
"03bfc80b-984b-42f0-b641-0d7e2fccfdf6","","H2X335M01005","heftruck_reachtruck","Linde","E20P-02","H2X335M01005","2001","1","0","available"
"2e647cd3-0c55-48dc-8d95-5ea361a48846","H2X336B00598","H2X336B00598-bl","batterij_lader","Tab","Traktie.5Pzs775","H2X336B00598","2011","1","0","available"
"6a21fdc5-cb1c-41af-a521-9aeaaf96dd4f","","H2X336B00598","heftruck_reachtruck","Linde","336-03 2.5 ton","H2X336B00598","2011","1","0","available"
"8444cb5e-ccda-4009-9189-3af1bac8b7ea","","H2X368G00084","heftruck_reachtruck","Linde","E45H-01/600","H2X368G00084","2016","1","0","available"
"bd7fffc0-646f-4eee-a62a-239ca24bedc6","H2X38608200","H2X38608200","batterij_lader","Hawker","5pzs","H2X38608200","2007","1","0","available"
"6974e243-a2ef-4041-b119-54bb6200ccaf","H2X386A00279","H2X386A00279","batterij_lader","Hoppecke","Traktie 6pzs760","H2X386A00279","2010","3","0","available"
"67f8bda0-233e-48a7-bd15-a677f4cfd3c7","","H2X386A07013","heftruck_reachtruck","Linde","E20PH-01","H2X386A07013","2010","1","0","available"
"3505458c-ad72-4e76-b739-19ff15ba23a1","H2x386E54937","H2x386E54937","batterij_lader","Tab /Sun","Traktie","140621","2014","1","0","available"
"9da2d785-7793-41f1-947f-1b801fd300f4","","H2X386G02342","heftruck_reachtruck","Linde","E20PL","H2X386G02342","2016","1","0","available"
"a3296a7f-1bdc-489a-a1ea-facd06481336","","H2X386G06325","heftruck_reachtruck","Linde","E18","H2X386G06325","2016","1","0","available"
"9a9b671c-f4c5-41ef-8ef8-be57130ef5c7","","H2X386H07885","heftruck_reachtruck","Linde","E20PH","H2X386H07885","2017","1","0","available"
"d0173125-ce00-4021-a445-e1fd598e9949","","H2X386W05233","heftruck_reachtruck","Linde","E16C","H2X386W05233","2008","2","0","available"
"784841e8-7824-44ef-b8bc-f351824687fd","H2X386X00126","H2X386X00126","batterij_lader","Batterij bv","Traktie 6pzs750","H2X386X00126","2020","1","0","available"
"1900a8ea-bd7a-48f5-b44e-7781ed274e9f","","H2X387D01791","heftruck_reachtruck","Linde","E30L","H2X387D01791","2011","1","0","available"
"521f1162-5670-4a7e-8f7b-eb4e21f06bfd","H2X387D01791","H2X387D01791-bl-2","batterij_lader","Batterijbv","Traktie 5Pzs625","H2X387D01791","2013","1","0","available"
"7b05c3b2-c2a2-47ca-8e11-35f84b3e7c8a","H2X387D01791","H2X387D01791-bl","batterij_lader","Sun tqb","Traktie","H2X387D01791","2013","2","0","available"
"67041a06-4673-4f78-ae95-507973524b5f","","H2X387E01906","heftruck_reachtruck","Linde","E30L","H2X387E01906","2014","1","0","available"
"99d378c3-c596-40c7-a20f-e80ae3b8f00a","","H2X387F01757","heftruck_reachtruck","Linde","E25/600","H2X387F01757","2015","1","0","available"
"d131cef6-05ad-4c55-8b3e-a0e59fb573fd","","H2X387G00076","heftruck_reachtruck","Linde","E30L","H2X387G00076","2016","1","0","available"
"c5c73971-0128-491f-be1a-e248749d077f","","H2X387G00082","heftruck_reachtruck","Linde","E30L","H2X387G00082","2016","1","0","available"
"b7a71e9f-d930-4817-93d8-9306943e0215","","H2X387G00805","heftruck_reachtruck","Linde","E25HL-01/600","H2X387G00805","2016","1","0","available"
"8e9abb91-c3cd-43e7-923e-627077f3a8d7","","H2X387H05597","heftruck_reachtruck","Linde","E35L","H2X387H05597","2017","2","0","available"
"f4008cad-2975-473c-a0c9-7b13db7243f6","","H2X387J01304","heftruck_reachtruck","Linde","E30H-01/600","H2X387J01304","2018","1","0","available"
"16b93355-6c7e-4844-8072-fce889e72a47","H2X387V03942","H2X387V03942","batterij_lader","Hawker","Traktie 4Pzs500","H2X387V03942","","1","0","available"
"b3454022-be8e-49ff-96c0-b59ff8fd6cf3","","H2X388E00149","heftruck_reachtruck","Linde","E45HL","H2X388E00149","2014","1","0","available"
"d3a17879-42c4-450c-adda-85cdaff2f475","H2X388E00487","H2X388E00487","batterij_lader","Sun","5Pzs775","535825","2014","2","0","available"
"9d45f019-0d83-459e-a88e-c527c6299a36","H2X388V01125","H2X388V01125","batterij_lader","batterij bv","6pzs775","H2X388V01125","2019","1","0","available"
"4e620eb6-da8d-4fcf-bb19-1191ac5bbb34","","H2X38V02214","heftruck_reachtruck","Linde","E35","H2X38V02214","2019","1","0","available"
"0c15390a-3fd3-45ca-a30e-bab968deb9fb","","H2X393A04345","heftruck_reachtruck","Linde","H35D-01","H2X393A04345","2011","1","0","available"
"8f7d5506-c9b8-46b4-9163-166bf845d556","","H2X393G02691","heftruck_reachtruck","Linde","H35D","H2X393G02691","2016","1","0","available"
"e1b79b7b-0fe3-4d95-893d-bd70b7809422","","H2X393H01488","heftruck_reachtruck","Linde","H35D-01","H2X393H01488","2017","1","0","available"
"7dae6cbe-b0bc-40c0-bb60-978baca28f4c","","H2X393T05343","heftruck_reachtruck","Linde","H25D","H2X393T05343","2006","1","0","available"
"f6b23666-8735-4a18-8fa6-ce431cb67b34","H2X396W02905","H2X396W02905","batterij_lader","Bat","Traktie","H2X396W02905","2008","1","0","available"
"bcf3837e-cc30-47a7-97bb-6fcabddc4ab5","","hanenburg-linde-e25","batterij_lader","Sun","Traktie","","2010","2","0","available"
"05748a5c-1184-46ea-9000-bae655fb6588","","Heftrucks Friesland B.V. | Gersikkers 3 | 9073 KA Marrum | Age Terpstra | 06-53842843 - 07-10-2025","hoogwerker","","","","","1","0","available"
"b0d64bcc-f1a4-4b1f-afd4-2ce0a9efe15a","","Heftrucks Friesland B.V. | Gersikkers 3 | 9073 KA Marrum | Age Terpstra | 06-53842843 - 2025-10-07","shovel","Stelling","Stellingmateriaal","","","4","0","available"
"11cf5765-c990-4faa-8084-e6cebedddb64","","heftrucks-friesland-b.v.-|-gersikkers-3-|-9073-ka-marrum-|-age-terpstra-|-06-53842843--","batterij_lader","Batterij / lader","Onbekend","","","8","0","available"
"bbfd44a8-3999-453c-b2b5-e3c96def4788","HL 0743072 (3) nr 1. 2. 3 en nr 4","HL 0743072 (3) nr 1. 2. 3 en nr 4","batterij_lader","SPE","start traktie","HL 0743072 (3) nr 1. 2. 3 en nr 4","2018","3","0","available"
"de224ac7-6a65-46f4-9d46-c6537f1cf80c","","IH5295","hoogwerker","IHIMER","LEM1500","IH5295","2009","1","0","available"
"2f2c0fee-20c4-4658-9b5e-33e0cecba746","","mg-energy-systems-bt-pph1600mx","batterij_lader","Chloride","2pzs","","1996","1","0","available"
"b08b86bd-94ca-406c-89ad-b9f9fff85336","","norder-holding-linde-g1x336w50878","batterij_lader","Tab /Sun","Traktie 5pzs775","","2009","1","0","available"
"99f00e93-24d0-4d18-a96a-77f96673448f","","riviera-bt-swe080l","batterij_lader","Batterij bv","Traktie 2pzs210","","2009","1","0","available"
"ae85ddbc-762d-490b-aa3a-d3e894e328d8","S","S","batterij_lader","Linde","H2X386C01953","S","2012","1","0","available"
"b18e46df-25c3-44be-b80f-36b023574095","","straal-en-coating-bedrijf-ep-cpd10j","batterij_lader","Tab","Traktie 48/420","","","1","0","available"
"19af4113-9a4a-4405-be7d-62b97bc95a80","","Terpstra Trading - Skyjack - 12-06-2023","hoogwerker","Skyjack","","","","1","0","available"
"2aec3a28-56a7-4270-b915-a6920b7d5141","","Terpstra Trading - Skyjack - SJ3219 - 11-09-2023","hoogwerker","Skyjack","SJ3219","","2014","1","0","available"
"21598853-22f8-4cf5-a368-8c9f54b1ce9f","","Terpstra trading bv - grove - MZ46CXT - 08-09-2020","hoogwerker","grove","MZ46CXT","","1999","1","0","available"
"aca7f289-67fd-4a67-b643-dcfd7dec70ce","","Terpstra Trading BV | Ceresweg 11| 8938 BG | Leeuwarden | 058-2023066 | Age Terpstra - 2020-12-10","heftruck_reachtruck","heftruck reachtruck","Bronimport","","","1","0","available"
"60eba8eb-1f2b-41a0-8db8-f11688f61f73","","Terpstra Trading BV | Ceresweg 11| 8938 BG | Leeuwarden | 058-2023066 | Age Terpstra - 2021-03-11","shovel","shovel","Bronimport","","","1","0","available"
"f32d6f41-5207-4dc0-b4db-c31c4c9377c4","","Terpstra Trading BV | Ceresweg 11| 8938 BG | Leeuwarden | 058-2023066 | Age Terpstra - 21-12-2020","hoogwerker","","","","","1","0","available"
"26ef76d8-450a-4809-bc97-c702b1121c92","","test 2503 - 2025-03-25","heftruck_reachtruck","heftruck reachtruck","Bronimport","","","1","0","available"
"a243190b-e1e3-46e8-b1d1-76dde4cf72d7","","test 25032025 - 2025-03-25","heftruck_reachtruck","heftruck reachtruck","Bronimport","","","1","0","available"
"9f558da0-b176-43cd-8e12-2cc8b4d6909c","","test hw - 25-03-2025","hoogwerker","","","","","1","0","available"
"5ea0f47a-8184-4ce0-a7bc-7e75474d9f54","","test-2--","batterij_lader","Batterij / lader","Onbekend","","","1","0","available"
"dd5a327d-0696-4aa9-9c6b-183482a102a3","","testgegevens--","batterij_lader","Batterij / lader","Onbekend","","","1","0","available"
"0e8b2183-02f8-4240-bc63-fc740de20154","Type M-80-P","Type M-80-P","stellingmateriaal","Mecalux","palletstellingen","","","1","0","available"
"16a80c6b-16e0-4ae9-85df-98c6b327a70a","","verno-linde-e45","batterij_lader","Batterij BV","Traktie 5pzs775","","2016","1","0","available"
"a3dd2925-5c10-48c8-9796-53b52d184286","W4X 372 W03035","W4X 372 W03035","batterij_lader","Classic","Traktie 3pzs375","W4X 372 W03035","2008","1","0","available"
"3312488f-e26e-4eed-9efd-4efd17247e6c","W4X1152D02500","W4X1152D02500","batterij_lader","Tab","Traktie 2Pzs210","W4X1152D02500","2013","2","0","available"
"4ffe6c78-af50-4e0c-bca7-ab22fac456fa","","W4X132G01963","palletwagen_stapelaar","Linde","N24","W4X132G01963","2016","1","0","available"
"c0fbfd82-acfc-4a7f-8a23-e4f62f259bf2","W4X132G01963","W4X132G01963-bl","batterij_lader","Hawker","Traktie","W4X132G01963","2016","1","0","available"
"464a226c-db85-4b32-a586-bb494617e97b","","W4x133h00846","palletwagen_stapelaar","Linde","D12. L12ap","W4x133h00846","2017","1","0","available"
"d3e718a4-8210-4ebb-bfef-385564ce9159","W4X133H00846","W4X133H00846-bl","batterij_lader","Hawker","3pzs375","W4X133H00846","2017","1","0","available"
"396078bb-b93e-4717-987d-8aef7bda25c3","W4X360 W0421","W4X360 W0421","batterij_lader","Sun","Traktie 2 pzs","W4X360 W0421","2008","1","0","available"
"d0bca939-7469-4597-b730-4bf20cf6a4aa","WX1152D01336","WX1152D01336","batterij_lader","Batterijbv","Traktie 2pzb150","WX1152D01336","2012","1","0","available"
"859e6001-f3ed-4058-8cf9-f0effd79ece0","","Z3407-6277","hoogwerker","Genie","Z34/22","Z3407-6277","2007","1","0","available"
